{"westplaces":[
	{
		"heading":"1. Daman",
		"image":"logos&background/damananddiu.jpg",
		"info":"Daman is an enclave on the state of Gujarat's southern coast, situated 100 miles (160 km) north of Mumbai (Bombay). Diu encompasses an island off the southern coast of Gujarat's Kathiawar Peninsula, 40 miles (64 km) southeast of Veraval, as well as a small area on the mainland. Daman is a city in the union territory of Daman and Diu, on India's west coast. In the north, St. Jerome Fort, also known as Nani Daman Fort, recalls the area's Portuguese colonial past. Across the Daman Ganga River, Moti Daman Fort holds the ruins of a Dominican monastery, plus the Basilica of Bom Jesus Church, known for its gilt altarpiece. Close by, the Chapel of Our Lady of Rosary features intricate carvings."
	},
	{
		"heading":"2. Gir National Park",
		"image":"logos&background/girnationalpark.jpg",
		"info":"Today, it is the only area in Asia where Asiatic lions occur and is considered one of the most important protected areas in Asia because of its biodiversity. The Gir ecosystem with its diverse flora and fauna is protected as a result of the efforts of the government forest department, wildlife activists and NGOs. Gir Forest National Park is a wildlife sanctuary in Gujarat, western India. It was established to protect Asiatic lions, who frequent the fenced-off Devalia Safari Park, along with leopards and antelopes. Gir Jungle Trail, outside the fenced area, traverses deciduous forest and is home to wildlife including vultures and pythons. The Kamleshwar Dam has marsh crocodiles and birds, such as Indian skimmers and pelicans."
	},
	{
		"heading":"3. Jaipur",
		"image":"logos&background/jaipur.jpg",
		"info":"Jaipur, the capital of the North Indian State of Rajasthan, The city is surrounded by hills and dotted with forts. Houses with pink latticed windows line the streets, and look almost magical at sunset. It evokes the royal family that once ruled the region and that, in 1727, founded what is now called the Old City, or “Pink City” for its trademark building color. At the center of its stately street grid (notable in India) stands the opulent, colonnaded City Palace complex. With gardens, courtyards and museums, part of it is still a royal residence."
	},
	{
		"heading":"4. Jodhpur",
		"image":"logos&background/jodhpur.jpg",
		"info":"Jodhpur is a city in the Thar Desert of the northwest Indian state of Rajasthan. Its 15th-century Mehrangarh Fort is a former palace that’s now a museum, displaying weapons, paintings and elaborate royal palanquins (sedan chairs). Set on on a rocky outcrop, the fort overlooks the walled city, where many buildings are painted the city’s iconic shade of blue. The city has expanded greatly outside the wall, though, over the past several decades. Jodhpur lies near the geographic centre of the Rajasthan state, which makes it a convenient base for travel in a region much frequented by tourists."
	},
	{
		"heading":"5. The Great Rann of Kutch",
		"image":"logos&background/runnofkutch.jpg",
		"info":"The Great Rann of Kutch (or Rann of Kutch seasonal salt marsh) is a salt marsh in the Thar Desert in the Kutch District of Gujarat, India. It is about 7500 km2 (2900 sq miles) in area and is reputed to be one of the largest salt deserts in the world.It is an extension of the Thar Desert. The Little Rann of Kutch, including the Banni grasslands on its southern edge, is situated in the district of Kutch and comprises some 30,000 square kilometres (10,000 sq mi) between the Gulf of Kutch and the mouth of the Indus River in southern Pakistan. The marsh can be accessed from the village of Kharaghoda in Surendranagar District.The Great Rann of Kutch together with the Little Rann of Kutch is called Rann of Kutch."
    },
	{
		"heading":"6. Udaipur",
		"image":"logos&background/UDAIPUR.jpg",
		"info":"Udaipur, formerly the capital of the Mewar Kingdom, is a city in the western Indian state of Rajasthan. Founded by Maharana Udai Singh II in 1559, it’s set around a series of artificial lakes and is known for its lavish royal residences. City Palace, overlooking Lake Pichola, is a monumental complex of 11 palaces, courtyards and gardens, famed for its intricate peacock mosaics. Picturesque and elegant, Udaipur is known by many names, including “the City of Lakes”. Undoubtedly one of India's most romantic cities, it nestles between the glassy waters of its famous lakes and the ancient Aravalli Hills."
	}
]}